{
  "pipelineConfig" : {
    "schemaVersion" : 6,
    "version" : 18,
    "pipelineId" : "containera183e3f8-8261-4b30-9d71-fc6996bde306",
    "title" : "container source metricbeat overlay Processing",
    "description" : "",
    "uuid" : "52f3d452-1796-4572-bd26-eac3d4f17622",
    "configuration" : [ {
      "name" : "executionMode",
      "value" : "STANDALONE"
    }, {
      "name" : "edgeHttpUrl",
      "value" : "http://localhost:18633"
    }, {
      "name" : "deliveryGuarantee",
      "value" : "AT_LEAST_ONCE"
    }, {
      "name" : "shouldRetry",
      "value" : true
    }, {
      "name" : "retryAttempts",
      "value" : -1
    }, {
      "name" : "notifyOnStates",
      "value" : [ "RUN_ERROR", "STOPPED", "FINISHED" ]
    }, {
      "name" : "emailIDs",
      "value" : [ ]
    }, {
      "name" : "constants",
      "value" : [ ]
    }, {
      "name" : "errorRecordPolicy",
      "value" : "ORIGINAL_RECORD"
    }, {
      "name" : "workerCount",
      "value" : 0
    }, {
      "name" : "clusterSlaveMemory",
      "value" : 2048
    }, {
      "name" : "clusterSlaveJavaOpts",
      "value" : "-XX:+UseConcMarkSweepGC -XX:+UseParNewGC -Dlog4j.debug"
    }, {
      "name" : "clusterLauncherEnv",
      "value" : [ ]
    }, {
      "name" : "mesosDispatcherURL",
      "value" : null
    }, {
      "name" : "logLevel",
      "value" : "INFO"
    }, {
      "name" : "hdfsS3ConfDir",
      "value" : null
    }, {
      "name" : "rateLimit",
      "value" : 500
    }, {
      "name" : "maxRunners",
      "value" : 0
    }, {
      "name" : "shouldCreateFailureSnapshot",
      "value" : true
    }, {
      "name" : "runnerIdleTIme",
      "value" : 60
    }, {
      "name" : "webhookConfigs",
      "value" : [ ]
    }, {
      "name" : "sparkConfigs",
      "value" : [ ]
    }, {
      "name" : "amazonEMRConfig.userRegion",
      "value" : null
    }, {
      "name" : "amazonEMRConfig.userRegionCustom",
      "value" : null
    }, {
      "name" : "amazonEMRConfig.accessKey",
      "value" : ""
    }, {
      "name" : "amazonEMRConfig.secretKey",
      "value" : ""
    }, {
      "name" : "amazonEMRConfig.s3StagingUri",
      "value" : null
    }, {
      "name" : "amazonEMRConfig.provisionNewCluster",
      "value" : false
    }, {
      "name" : "amazonEMRConfig.clusterId",
      "value" : null
    }, {
      "name" : "amazonEMRConfig.clusterPrefix",
      "value" : null
    }, {
      "name" : "amazonEMRConfig.terminateCluster",
      "value" : false
    }, {
      "name" : "amazonEMRConfig.loggingEnabled",
      "value" : true
    }, {
      "name" : "amazonEMRConfig.s3LogUri",
      "value" : null
    }, {
      "name" : "amazonEMRConfig.enableEMRDebugging",
      "value" : true
    }, {
      "name" : "amazonEMRConfig.serviceRole",
      "value" : "EMR_DefaultRole"
    }, {
      "name" : "amazonEMRConfig.jobFlowRole",
      "value" : "EMR_EC2_DefaultRole"
    }, {
      "name" : "amazonEMRConfig.visibleToAllUsers",
      "value" : true
    }, {
      "name" : "amazonEMRConfig.ec2SubnetId",
      "value" : null
    }, {
      "name" : "amazonEMRConfig.masterSecurityGroup",
      "value" : null
    }, {
      "name" : "amazonEMRConfig.slaveSecurityGroup",
      "value" : null
    }, {
      "name" : "amazonEMRConfig.instanceCount",
      "value" : 2
    }, {
      "name" : "amazonEMRConfig.masterInstanceType",
      "value" : null
    }, {
      "name" : "amazonEMRConfig.masterInstanceTypeCustom",
      "value" : null
    }, {
      "name" : "amazonEMRConfig.slaveInstanceType",
      "value" : null
    }, {
      "name" : "amazonEMRConfig.slaveInstanceTypeCustom",
      "value" : null
    }, {
      "name" : "clusterConfig.clusterType",
      "value" : "LOCAL"
    }, {
      "name" : "clusterConfig.sparkMasterUrl",
      "value" : "local[*]"
    }, {
      "name" : "clusterConfig.deployMode",
      "value" : "CLIENT"
    }, {
      "name" : "clusterConfig.hadoopUserName",
      "value" : "hdfs"
    }, {
      "name" : "clusterConfig.stagingDir",
      "value" : "/streamsets"
    }, {
      "name" : "databricksConfig.baseUrl",
      "value" : null
    }, {
      "name" : "databricksConfig.credentialType",
      "value" : null
    }, {
      "name" : "databricksConfig.username",
      "value" : ""
    }, {
      "name" : "databricksConfig.password",
      "value" : ""
    }, {
      "name" : "databricksConfig.token",
      "value" : ""
    }, {
      "name" : "databricksConfig.clusterConfig",
      "value" : "{\n    \"num_workers\": 8,\n    \"spark_version\": \"5.3.x-scala2.11\",\n    \"node_type_id\": \"i3.xlarge\"\n}"
    }, {
      "name" : "livyConfig.baseUrl",
      "value" : null
    }, {
      "name" : "livyConfig.username",
      "value" : ""
    }, {
      "name" : "livyConfig.password",
      "value" : ""
    }, {
      "name" : "databricksConfig.provisionNewCluster",
      "value" : true
    }, {
      "name" : "databricksConfig.clusterId",
      "value" : null
    }, {
      "name" : "databricksConfig.terminateCluster",
      "value" : false
    }, {
      "name" : "advancedErrorHandling",
      "value" : false
    }, {
      "name" : "clusterConfig.sparkAppName",
      "value" : "${pipeline:title()}"
    }, {
      "name" : "clusterConfig.useYarnKerberosKeytab",
      "value" : false
    }, {
      "name" : "clusterConfig.yarnKerberosKeytabSource",
      "value" : "PROPERTIES_FILE"
    }, {
      "name" : "clusterConfig.yarnKerberosKeytab",
      "value" : null
    }, {
      "name" : "clusterConfig.yarnKerberosPrincipal",
      "value" : "name@DOMAIN"
    }, {
      "name" : "ludicrousMode",
      "value" : false
    }, {
      "name" : "ludicrousModeInputCount",
      "value" : false
    }, {
      "name" : "advancedErrorHandling",
      "value" : false
    }, {
      "name" : "triggerInterval",
      "value" : 2000
    }, {
      "name" : "preprocessScript",
      "value" : ""
    }, {
      "name" : "transformerEMRConfig.userRegion",
      "value" : null
    }, {
      "name" : "transformerEMRConfig.userRegionCustom",
      "value" : null
    }, {
      "name" : "transformerEMRConfig.s3StagingUri",
      "value" : null
    }, {
      "name" : "transformerEMRConfig.clusterPrefix",
      "value" : null
    }, {
      "name" : "transformerEMRConfig.clusterId",
      "value" : null
    }, {
      "name" : "transformerEMRConfig.terminateCluster",
      "value" : false
    }, {
      "name" : "transformerEMRConfig.s3LogUri",
      "value" : null
    }, {
      "name" : "transformerEMRConfig.serviceRole",
      "value" : "EMR_DefaultRole"
    }, {
      "name" : "transformerEMRConfig.jobFlowRole",
      "value" : "EMR_EC2_DefaultRole"
    }, {
      "name" : "transformerEMRConfig.visibleToAllUsers",
      "value" : true
    }, {
      "name" : "transformerEMRConfig.loggingEnabled",
      "value" : true
    }, {
      "name" : "transformerEMRConfig.ec2SubnetId",
      "value" : null
    }, {
      "name" : "transformerEMRConfig.masterSecurityGroup",
      "value" : null
    }, {
      "name" : "transformerEMRConfig.slaveSecurityGroup",
      "value" : null
    }, {
      "name" : "transformerEMRConfig.instanceCount",
      "value" : 2
    }, {
      "name" : "transformerEMRConfig.masterInstanceType",
      "value" : null
    }, {
      "name" : "transformerEMRConfig.slaveInstanceType",
      "value" : null
    }, {
      "name" : "transformerEMRConfig.masterInstanceTypeCustom",
      "value" : null
    }, {
      "name" : "transformerEMRConfig.slaveInstanceTypeCustom",
      "value" : null
    }, {
      "name" : "transformerEMRConfig.accessKey",
      "value" : null
    }, {
      "name" : "transformerEMRConfig.secretKey",
      "value" : null
    }, {
      "name" : "transformerEMRConfig.provisionNewCluster",
      "value" : false
    }, {
      "name" : "transformerEMRConfig.useIAMRoles",
      "value" : false
    }, {
      "name" : "clusterConfig.callbackUrl",
      "value" : null
    }, {
      "name" : "googleCloudConfig.region",
      "value" : null
    }, {
      "name" : "googleCloudConfig.customRegion",
      "value" : null
    }, {
      "name" : "googleCloudConfig.gcsStagingUri",
      "value" : null
    }, {
      "name" : "googleCloudConfig.create",
      "value" : false
    }, {
      "name" : "googleCloudConfig.clusterPrefix",
      "value" : null
    }, {
      "name" : "googleCloudConfig.version",
      "value" : "1.4-ubuntu18"
    }, {
      "name" : "googleCloudConfig.masterType",
      "value" : null
    }, {
      "name" : "googleCloudConfig.workerType",
      "value" : null
    }, {
      "name" : "googleCloudConfig.networkType",
      "value" : null
    }, {
      "name" : "googleCloudConfig.network",
      "value" : null
    }, {
      "name" : "googleCloudConfig.subnet",
      "value" : null
    }, {
      "name" : "googleCloudConfig.tags",
      "value" : [ ]
    }, {
      "name" : "googleCloudConfig.workerCount",
      "value" : 2
    }, {
      "name" : "googleCloudConfig.clusterName",
      "value" : null
    }, {
      "name" : "googleCloudConfig.terminate",
      "value" : false
    }, {
      "name" : "googleCloudCredentialsConfig.projectId",
      "value" : null
    }, {
      "name" : "googleCloudCredentialsConfig.credentialsProvider",
      "value" : null
    }, {
      "name" : "googleCloudCredentialsConfig.path",
      "value" : null
    }, {
      "name" : "googleCloudCredentialsConfig.credentialsFileContent",
      "value" : null
    }, {
      "name" : "badRecordsHandling",
      "value" : "streamsets-datacollector-basic-lib::com_streamsets_pipeline_stage_destination_devnull_ToErrorNullDTarget::1"
    }, {
      "name" : "statsAggregatorStage",
      "value" : "streamsets-datacollector-basic-lib::com_streamsets_pipeline_stage_destination_devnull_StatsDpmDirectlyDTarget::1"
    }, {
      "name" : "startEventStage",
      "value" : "streamsets-datacollector-basic-lib::com_streamsets_pipeline_stage_destination_devnull_ToErrorNullDTarget::1"
    }, {
      "name" : "stopEventStage",
      "value" : "streamsets-datacollector-basic-lib::com_streamsets_pipeline_stage_destination_devnull_ToErrorNullDTarget::1"
    }, {
      "name" : "testOriginStage",
      "value" : "streamsets-datacollector-dev-lib::com_streamsets_pipeline_stage_devtest_rawdata_RawDataDSource::3"
    }, {
      "name" : "transformerEMRConfig.emrVersion",
      "value" : null
    } ],
    "uiInfo" : {
      "previewConfig" : {
        "previewSource" : "CONFIGURED_SOURCE",
        "batchSize" : 10,
        "timeout" : 30000,
        "writeToDestinations" : false,
        "executeLifecycleEvents" : false,
        "showHeader" : false,
        "showFieldType" : true,
        "rememberMe" : false
      }
    },
    "fragments" : [ ],
    "stages" : [ {
      "instanceName" : "KafkaConsumer_01",
      "library" : "streamsets-datacollector-apache-kafka_2_0-lib",
      "stageName" : "com_streamsets_pipeline_stage_origin_kafka_KafkaDSource",
      "stageVersion" : "11",
      "configuration" : [ {
        "name" : "kafkaConfigBean.dataFormatConfig.filePatternInArchive",
        "value" : "*"
      }, {
        "name" : "kafkaConfigBean.dataFormatConfig.charset",
        "value" : "UTF-8"
      }, {
        "name" : "kafkaConfigBean.dataFormatConfig.removeCtrlChars",
        "value" : false
      }, {
        "name" : "kafkaConfigBean.dataFormatConfig.textMaxLineLen",
        "value" : 1024
      }, {
        "name" : "kafkaConfigBean.dataFormatConfig.useCustomDelimiter",
        "value" : false
      }, {
        "name" : "kafkaConfigBean.dataFormatConfig.customDelimiter",
        "value" : "\\r\\n"
      }, {
        "name" : "kafkaConfigBean.dataFormatConfig.includeCustomDelimiterInTheText",
        "value" : false
      }, {
        "name" : "kafkaConfigBean.dataFormatConfig.jsonContent",
        "value" : "MULTIPLE_OBJECTS"
      }, {
        "name" : "kafkaConfigBean.dataFormatConfig.jsonMaxObjectLen",
        "value" : 65536
      }, {
        "name" : "kafkaConfigBean.dataFormatConfig.csvFileFormat",
        "value" : "CSV"
      }, {
        "name" : "kafkaConfigBean.dataFormatConfig.csvHeader",
        "value" : "NO_HEADER"
      }, {
        "name" : "kafkaConfigBean.dataFormatConfig.csvAllowExtraColumns",
        "value" : false
      }, {
        "name" : "kafkaConfigBean.dataFormatConfig.csvExtraColumnPrefix",
        "value" : "_extra_"
      }, {
        "name" : "kafkaConfigBean.dataFormatConfig.csvMaxObjectLen",
        "value" : 1024
      }, {
        "name" : "kafkaConfigBean.dataFormatConfig.csvCustomDelimiter",
        "value" : "|"
      }, {
        "name" : "kafkaConfigBean.dataFormatConfig.multiCharacterFieldDelimiter",
        "value" : "||"
      }, {
        "name" : "kafkaConfigBean.dataFormatConfig.multiCharacterLineDelimiter",
        "value" : "${str:unescapeJava('\\\\n')}"
      }, {
        "name" : "kafkaConfigBean.dataFormatConfig.csvCustomEscape",
        "value" : "\\"
      }, {
        "name" : "kafkaConfigBean.dataFormatConfig.csvCustomQuote",
        "value" : "\""
      }, {
        "name" : "kafkaConfigBean.dataFormatConfig.csvEnableComments",
        "value" : false
      }, {
        "name" : "kafkaConfigBean.dataFormatConfig.csvCommentMarker",
        "value" : "#"
      }, {
        "name" : "kafkaConfigBean.dataFormatConfig.csvIgnoreEmptyLines",
        "value" : true
      }, {
        "name" : "kafkaConfigBean.dataFormatConfig.csvRecordType",
        "value" : "LIST_MAP"
      }, {
        "name" : "kafkaConfigBean.dataFormatConfig.csvSkipStartLines",
        "value" : 0
      }, {
        "name" : "kafkaConfigBean.dataFormatConfig.parseNull",
        "value" : false
      }, {
        "name" : "kafkaConfigBean.dataFormatConfig.nullConstant",
        "value" : "\\\\N"
      }, {
        "name" : "kafkaConfigBean.dataFormatConfig.xmlRecordElement",
        "value" : null
      }, {
        "name" : "kafkaConfigBean.dataFormatConfig.includeFieldXpathAttributes",
        "value" : false
      }, {
        "name" : "kafkaConfigBean.dataFormatConfig.xPathNamespaceContext",
        "value" : [ ]
      }, {
        "name" : "kafkaConfigBean.dataFormatConfig.outputFieldAttributes",
        "value" : false
      }, {
        "name" : "kafkaConfigBean.dataFormatConfig.xmlMaxObjectLen",
        "value" : 4096
      }, {
        "name" : "kafkaConfigBean.dataFormatConfig.logMode",
        "value" : "COMMON_LOG_FORMAT"
      }, {
        "name" : "kafkaConfigBean.dataFormatConfig.logMaxObjectLen",
        "value" : 1024
      }, {
        "name" : "kafkaConfigBean.dataFormatConfig.retainOriginalLine",
        "value" : false
      }, {
        "name" : "kafkaConfigBean.dataFormatConfig.customLogFormat",
        "value" : "%h %l %u %t \"%r\" %>s %b"
      }, {
        "name" : "kafkaConfigBean.dataFormatConfig.regex",
        "value" : "^(\\S+) (\\S+) (\\S+) \\[([\\w:/]+\\s[+\\-]\\d{4})\\] \"(\\S+) (\\S+) (\\S+)\" (\\d{3}) (\\d+)"
      }, {
        "name" : "kafkaConfigBean.dataFormatConfig.fieldPathsToGroupName",
        "value" : [ {
          "fieldPath" : "/",
          "group" : 1
        } ]
      }, {
        "name" : "kafkaConfigBean.dataFormatConfig.grokPatternDefinition",
        "value" : null
      }, {
        "name" : "kafkaConfigBean.dataFormatConfig.grokPattern",
        "value" : "%{COMMONAPACHELOG}"
      }, {
        "name" : "kafkaConfigBean.dataFormatConfig.onParseError",
        "value" : "ERROR"
      }, {
        "name" : "kafkaConfigBean.dataFormatConfig.maxStackTraceLines",
        "value" : 50
      }, {
        "name" : "kafkaConfigBean.dataFormatConfig.enableLog4jCustomLogFormat",
        "value" : false
      }, {
        "name" : "kafkaConfigBean.dataFormatConfig.log4jCustomLogFormat",
        "value" : "%r [%t] %-5p %c %x - %m%n"
      }, {
        "name" : "kafkaConfigBean.dataFormatConfig.avroSchemaSource",
        "value" : null
      }, {
        "name" : "kafkaConfigBean.dataFormatConfig.avroSchema",
        "value" : null
      }, {
        "name" : "kafkaConfigBean.dataFormatConfig.schemaRegistryUrls",
        "value" : [ ]
      }, {
        "name" : "kafkaConfigBean.dataFormatConfig.schemaLookupMode",
        "value" : "SUBJECT"
      }, {
        "name" : "kafkaConfigBean.dataFormatConfig.subject",
        "value" : null
      }, {
        "name" : "kafkaConfigBean.dataFormatConfig.schemaId",
        "value" : null
      }, {
        "name" : "kafkaConfigBean.dataFormatConfig.protoDescriptorFile",
        "value" : null
      }, {
        "name" : "kafkaConfigBean.dataFormatConfig.messageType",
        "value" : null
      }, {
        "name" : "kafkaConfigBean.dataFormatConfig.isDelimited",
        "value" : true
      }, {
        "name" : "kafkaConfigBean.dataFormatConfig.binaryMaxObjectLen",
        "value" : 1024
      }, {
        "name" : "kafkaConfigBean.dataFormatConfig.datagramMode",
        "value" : "SYSLOG"
      }, {
        "name" : "kafkaConfigBean.dataFormatConfig.typesDbPath",
        "value" : null
      }, {
        "name" : "kafkaConfigBean.dataFormatConfig.convertTime",
        "value" : false
      }, {
        "name" : "kafkaConfigBean.dataFormatConfig.excludeInterval",
        "value" : true
      }, {
        "name" : "kafkaConfigBean.dataFormatConfig.authFilePath",
        "value" : null
      }, {
        "name" : "kafkaConfigBean.dataFormatConfig.netflowOutputValuesMode",
        "value" : "RAW_AND_INTERPRETED"
      }, {
        "name" : "kafkaConfigBean.dataFormatConfig.maxTemplateCacheSize",
        "value" : -1
      }, {
        "name" : "kafkaConfigBean.dataFormatConfig.templateCacheTimeoutMs",
        "value" : -1
      }, {
        "name" : "kafkaConfigBean.dataFormatConfig.netflowOutputValuesModeDatagram",
        "value" : "RAW_AND_INTERPRETED"
      }, {
        "name" : "kafkaConfigBean.dataFormatConfig.maxTemplateCacheSizeDatagram",
        "value" : -1
      }, {
        "name" : "kafkaConfigBean.dataFormatConfig.templateCacheTimeoutMsDatagram",
        "value" : -1
      }, {
        "name" : "kafkaConfigBean.dataFormatConfig.wholeFileMaxObjectLen",
        "value" : 8192
      }, {
        "name" : "kafkaConfigBean.dataFormatConfig.rateLimit",
        "value" : "-1"
      }, {
        "name" : "kafkaConfigBean.dataFormatConfig.verifyChecksum",
        "value" : false
      }, {
        "name" : "kafkaConfigBean.dataFormatConfig.excelHeader",
        "value" : null
      }, {
        "name" : "kafkaConfigBean.dataFormatConfig.excelSkipCellsWithNoHeader",
        "value" : false
      }, {
        "name" : "kafkaConfigBean.dataFormatConfig.excelReadAllSheets",
        "value" : true
      }, {
        "name" : "kafkaConfigBean.dataFormatConfig.excelSheetNames",
        "value" : [ ]
      }, {
        "name" : "kafkaConfigBean.dataFormat",
        "value" : "JSON"
      }, {
        "name" : "kafkaConfigBean.metadataBrokerList",
        "value" : "kafka:9092"
      }, {
        "name" : "kafkaConfigBean.zookeeperConnect",
        "value" : "zookeeper:2181"
      }, {
        "name" : "kafkaConfigBean.consumerGroup",
        "value" : "streamsetsDataCollector_container_source_metricbeat_overlay"
      }, {
        "name" : "kafkaConfigBean.topic",
        "value" : "container_source_metricbeat_overlay"
      }, {
        "name" : "kafkaConfigBean.produceSingleRecordPerMessage",
        "value" : false
      }, {
        "name" : "kafkaConfigBean.maxBatchSize",
        "value" : 1000
      }, {
        "name" : "kafkaConfigBean.maxWaitTime",
        "value" : 2000
      }, {
        "name" : "kafkaConfigBean.maxRatePerPartition",
        "value" : 1000
      }, {
        "name" : "kafkaConfigBean.keyDeserializer",
        "value" : "STRING"
      }, {
        "name" : "kafkaConfigBean.valueDeserializer",
        "value" : "DEFAULT"
      }, {
        "name" : "kafkaConfigBean.kafkaAutoOffsetReset",
        "value" : "EARLIEST"
      }, {
        "name" : "kafkaConfigBean.timestampToSearchOffsets",
        "value" : 0
      }, {
        "name" : "kafkaConfigBean.kafkaConsumerConfigs",
        "value" : [ ]
      }, {
        "name" : "kafkaConfigBean.timestampsEnabled",
        "value" : false
      }, {
        "name" : "stageOnRecordError",
        "value" : "TO_ERROR"
      }, {
        "name" : "kafkaConfigBean.keyCaptureMode",
        "value" : "NONE"
      }, {
        "name" : "kafkaConfigBean.keyCaptureAttribute",
        "value" : "kafkaMessageKey"
      }, {
        "name" : "kafkaConfigBean.keyCaptureField",
        "value" : "/kafkaMessageKey"
      }, {
        "name" : "kafkaConfigBean.dataFormatConfig.basicAuth",
        "value" : ""
      }, {
        "name" : "kafkaConfigBean.dataFormatConfig.preserveRootElement",
        "value" : false
      }, {
        "name" : "kafkaConfigBean.provideKeytab",
        "value" : false
      }, {
        "name" : "kafkaConfigBean.userKeytab",
        "value" : ""
      }, {
        "name" : "kafkaConfigBean.userPrincipal",
        "value" : "user/host@REALM"
      }, {
        "name" : "kafkaConfigBean.dataFormatConfig.avroSkipUnionIndex",
        "value" : false
      } ],
      "uiInfo" : {
        "yPos" : -79.98955535888672,
        "stageType" : "SOURCE",
        "rawSource" : {
          "configuration" : [ {
            "name" : "brokerHost",
            "value" : "localhost"
          }, {
            "name" : "brokerPort",
            "value" : 9092
          }, {
            "name" : "topic",
            "value" : "myTopic"
          }, {
            "name" : "partition",
            "value" : 0
          }, {
            "name" : "maxWaitTime",
            "value" : 1000
          } ]
        },
        "description" : "",
        "label" : "Kafka container origin metricbeat overlay",
        "xPos" : 95
      },
      "inputLanes" : [ ],
      "outputLanes" : [ "KafkaConsumer_01OutputLane15747108771380" ],
      "eventLanes" : [ ],
      "services" : [ ]
    }, {
      "instanceName" : "JavaScriptEvaluator_01",
      "library" : "streamsets-datacollector-basic-lib",
      "stageName" : "com_streamsets_pipeline_stage_processor_javascript_JavaScriptDProcessor",
      "stageVersion" : "3",
      "configuration" : [ {
        "name" : "processingMode",
        "value" : "BATCH"
      }, {
        "name" : "initScript",
        "value" : ""
      }, {
        "name" : "script",
        "value" : "for(var i = 0; i < records.length; i++) {\n    try {\n\n      var node = records[i].value.node;\n      records[i].value = JSON.parse(records[i].value.json);\n      records[i].value.node = node;\n      records[i].value.overlay = records[i].value.fields.overlay;\n      output.write(records[i]);\n      \n    } catch (e) { error.write(records[i], e); }\n}"
      }, {
        "name" : "destroyScript",
        "value" : "/**\n * Available Objects:\n *\n *  state: a dict that is preserved between invocations of this script.\n *        Useful for caching bits of data e.g. counters and long-lived resources.\n *\n *  log.<loglevel>(msg, obj...): use instead of print to send log messages to the log4j log instead of stdout.\n *                               loglevel is any log4j level: e.g. info, error, warn, trace.\n *   sdcFunctions.getFieldNull(Record, 'field path'): Receive a constant defined above\n *                          to check if the field is typed field with value null\n *   sdcFunctions.createMap(boolean listMap): Create a map for use as a field in a record.\n *                          Pass true to this function to create a list map (ordered map)\n *   sdcFunctions.createEvent(String type, int version): Creates a new event.\n *                          Create new empty event with standard headers.\n *   sdcFunctions.toEvent(Record): Send event to event stream\n *                          Only events created with sdcFunctions.createEvent are supported.\n */\n\n// state['connection'].close();"
      }, {
        "name" : "scriptRecordType",
        "value" : "NATIVE_OBJECTS"
      }, {
        "name" : "userParams",
        "value" : [ ]
      }, {
        "name" : "stageOnRecordError",
        "value" : "TO_ERROR"
      }, {
        "name" : "stageRequiredFields",
        "value" : [ ]
      }, {
        "name" : "stageRecordPreconditions",
        "value" : [ ]
      } ],
      "uiInfo" : {
        "description" : "",
        "label" : "Set overlay",
        "xPos" : 298,
        "yPos" : -75.98957824707031,
        "stageType" : "PROCESSOR"
      },
      "inputLanes" : [ "KafkaConsumer_01OutputLane15747108771380" ],
      "outputLanes" : [ "JavaScriptEvaluator_01OutputLane15762834479250" ],
      "eventLanes" : [ ],
      "services" : [ ]
    }, {
      "instanceName" : "FieldRemover_01",
      "library" : "streamsets-datacollector-basic-lib",
      "stageName" : "com_streamsets_pipeline_stage_processor_fieldfilter_FieldFilterDProcessor",
      "stageVersion" : "1",
      "configuration" : [ {
        "name" : "filterOperation",
        "value" : "REMOVE"
      }, {
        "name" : "fields",
        "value" : [ "/'@metadata'", "/host", "/beat", "/offset", "/message", "/stream", "/source", "/containerid", "/containerlid", "/level", "/module", "/metricset", "/agent", "/service", "/topic", "/fields", "/ecs", "/event/duration", "/input_type" ]
      }, {
        "name" : "constant",
        "value" : null
      }, {
        "name" : "stageRequiredFields",
        "value" : [ ]
      }, {
        "name" : "stageRecordPreconditions",
        "value" : [ ]
      } ],
      "uiInfo" : {
        "description" : "",
        "label" : "Remove Fields",
        "xPos" : 515,
        "yPos" : -76,
        "stageType" : "PROCESSOR"
      },
      "inputLanes" : [ "JavaScriptEvaluator_01OutputLane15762834479250" ],
      "outputLanes" : [ "FieldRemover_01OutputLane15582189133780" ],
      "eventLanes" : [ ],
      "services" : [ ]
    }, {
      "instanceName" : "FieldFlattener_01",
      "library" : "streamsets-datacollector-basic-lib",
      "stageName" : "com_streamsets_pipeline_stage_processor_fieldflattener_FieldFlattenerDProcessor",
      "stageVersion" : "1",
      "configuration" : [ {
        "name" : "config.flattenType",
        "value" : "ENTIRE_RECORD"
      }, {
        "name" : "config.fields",
        "value" : [ ]
      }, {
        "name" : "config.flattenInPlace",
        "value" : true
      }, {
        "name" : "config.flattenTargetField",
        "value" : null
      }, {
        "name" : "config.collisionFieldAction",
        "value" : "TO_ERROR"
      }, {
        "name" : "config.removeFlattenedField",
        "value" : true
      }, {
        "name" : "config.nameSeparator",
        "value" : "_"
      }, {
        "name" : "stageOnRecordError",
        "value" : "TO_ERROR"
      }, {
        "name" : "stageRequiredFields",
        "value" : [ ]
      }, {
        "name" : "stageRecordPreconditions",
        "value" : [ ]
      } ],
      "uiInfo" : {
        "description" : "",
        "label" : "Field Flattener 1",
        "xPos" : 735,
        "yPos" : -73,
        "stageType" : "PROCESSOR"
      },
      "inputLanes" : [ "FieldRemover_01OutputLane15582189133780" ],
      "outputLanes" : [ "FieldFlattener_01OutputLane15582579581430" ],
      "eventLanes" : [ ],
      "services" : [ ]
    }, {
      "instanceName" : "KafkaProducer_02",
      "library" : "streamsets-datacollector-apache-kafka_2_0-lib",
      "stageName" : "com_streamsets_pipeline_stage_destination_kafka_KafkaDTarget",
      "stageVersion" : "7",
      "configuration" : [ {
        "name" : "conf.dataFormat",
        "value" : "JSON"
      }, {
        "name" : "conf.dataGeneratorFormatConfig.charset",
        "value" : "UTF-8"
      }, {
        "name" : "conf.dataGeneratorFormatConfig.csvFileFormat",
        "value" : "CSV"
      }, {
        "name" : "conf.dataGeneratorFormatConfig.csvHeader",
        "value" : "NO_HEADER"
      }, {
        "name" : "conf.dataGeneratorFormatConfig.csvReplaceNewLines",
        "value" : true
      }, {
        "name" : "conf.dataGeneratorFormatConfig.csvReplaceNewLinesString",
        "value" : " "
      }, {
        "name" : "conf.dataGeneratorFormatConfig.csvCustomDelimiter",
        "value" : "|"
      }, {
        "name" : "conf.dataGeneratorFormatConfig.csvCustomEscape",
        "value" : "\\"
      }, {
        "name" : "conf.dataGeneratorFormatConfig.csvCustomQuote",
        "value" : "\""
      }, {
        "name" : "conf.dataGeneratorFormatConfig.csvQuoteMode",
        "value" : "MINIMAL"
      }, {
        "name" : "conf.dataGeneratorFormatConfig.jsonMode",
        "value" : "MULTIPLE_OBJECTS"
      }, {
        "name" : "conf.dataGeneratorFormatConfig.textFieldPath",
        "value" : "/text"
      }, {
        "name" : "conf.dataGeneratorFormatConfig.textRecordSeparator",
        "value" : "\\n"
      }, {
        "name" : "conf.dataGeneratorFormatConfig.textFieldMissingAction",
        "value" : "ERROR"
      }, {
        "name" : "conf.dataGeneratorFormatConfig.textEmptyLineIfNull",
        "value" : false
      }, {
        "name" : "conf.dataGeneratorFormatConfig.avroSchemaSource",
        "value" : null
      }, {
        "name" : "conf.dataGeneratorFormatConfig.avroSchema",
        "value" : null
      }, {
        "name" : "conf.dataGeneratorFormatConfig.registerSchema",
        "value" : false
      }, {
        "name" : "conf.dataGeneratorFormatConfig.schemaRegistryUrlsForRegistration",
        "value" : [ ]
      }, {
        "name" : "conf.dataGeneratorFormatConfig.schemaRegistryUrls",
        "value" : [ ]
      }, {
        "name" : "conf.dataGeneratorFormatConfig.schemaLookupMode",
        "value" : "SUBJECT"
      }, {
        "name" : "conf.dataGeneratorFormatConfig.subject",
        "value" : null
      }, {
        "name" : "conf.dataGeneratorFormatConfig.subjectToRegister",
        "value" : null
      }, {
        "name" : "conf.dataGeneratorFormatConfig.schemaId",
        "value" : null
      }, {
        "name" : "conf.dataGeneratorFormatConfig.includeSchema",
        "value" : true
      }, {
        "name" : "conf.dataGeneratorFormatConfig.avroCompression",
        "value" : "NULL"
      }, {
        "name" : "conf.dataGeneratorFormatConfig.binaryFieldPath",
        "value" : "/"
      }, {
        "name" : "conf.dataGeneratorFormatConfig.protoDescriptorFile",
        "value" : null
      }, {
        "name" : "conf.dataGeneratorFormatConfig.messageType",
        "value" : null
      }, {
        "name" : "conf.dataGeneratorFormatConfig.fileNameEL",
        "value" : null
      }, {
        "name" : "conf.dataGeneratorFormatConfig.wholeFileExistsAction",
        "value" : "TO_ERROR"
      }, {
        "name" : "conf.dataGeneratorFormatConfig.includeChecksumInTheEvents",
        "value" : false
      }, {
        "name" : "conf.dataGeneratorFormatConfig.checksumAlgorithm",
        "value" : "MD5"
      }, {
        "name" : "conf.dataGeneratorFormatConfig.xmlPrettyPrint",
        "value" : true
      }, {
        "name" : "conf.dataGeneratorFormatConfig.xmlValidateSchema",
        "value" : false
      }, {
        "name" : "conf.dataGeneratorFormatConfig.xmlSchema",
        "value" : null
      }, {
        "name" : "conf.metadataBrokerList",
        "value" : "kafka:9092"
      }, {
        "name" : "conf.runtimeTopicResolution",
        "value" : false
      }, {
        "name" : "conf.topicExpression",
        "value" : "${record:value('/topic')}"
      }, {
        "name" : "conf.topicWhiteList",
        "value" : "*"
      }, {
        "name" : "conf.topic",
        "value" : "swarm_metricbeat_overlay"
      }, {
        "name" : "conf.partitionStrategy",
        "value" : "ROUND_ROBIN"
      }, {
        "name" : "conf.partition",
        "value" : "${0}"
      }, {
        "name" : "conf.singleMessagePerBatch",
        "value" : false
      }, {
        "name" : "conf.keySerializer",
        "value" : "STRING"
      }, {
        "name" : "conf.valueSerializer",
        "value" : "DEFAULT"
      }, {
        "name" : "conf.kafkaProducerConfigs",
        "value" : [ ]
      }, {
        "name" : "responseConf.sendResponseToOrigin",
        "value" : false
      }, {
        "name" : "responseConf.responseType",
        "value" : "SUCCESS_RECORDS"
      }, {
        "name" : "stageOnRecordError",
        "value" : "TO_ERROR"
      }, {
        "name" : "stageRequiredFields",
        "value" : [ ]
      }, {
        "name" : "stageRecordPreconditions",
        "value" : [ ]
      }, {
        "name" : "conf.messageKeyFormat",
        "value" : "STRING"
      }, {
        "name" : "conf.dataGeneratorFormatConfig.basicAuthUserInfo",
        "value" : ""
      }, {
        "name" : "conf.dataGeneratorFormatConfig.basicAuthUserInfoForRegistration",
        "value" : ""
      }, {
        "name" : "conf.provideKeytab",
        "value" : false
      }, {
        "name" : "conf.userKeytab",
        "value" : ""
      }, {
        "name" : "conf.userPrincipal",
        "value" : "user/host@REALM"
      }, {
        "name" : "conf.avroMessageKey",
        "value" : "${avro:decode(record:attribute('avroKeySchema'),base64:decodeBytes(record:attribute('kafkaMessageKey')))}"
      }, {
        "name" : "conf.stringMessageKey",
        "value" : "${record:attribute('kafkaMessageKey')}"
      } ],
      "uiInfo" : {
        "description" : "",
        "label" : "Swarm Metricbeat Overlay",
        "xPos" : 947,
        "yPos" : -73.98955345153809,
        "stageType" : "TARGET"
      },
      "inputLanes" : [ "FieldFlattener_01OutputLane15582579581430" ],
      "outputLanes" : [ ],
      "eventLanes" : [ ],
      "services" : [ ]
    } ],
    "errorStage" : {
      "instanceName" : "Discard_ErrorStage",
      "library" : "streamsets-datacollector-basic-lib",
      "stageName" : "com_streamsets_pipeline_stage_destination_devnull_ToErrorNullDTarget",
      "stageVersion" : "1",
      "configuration" : [ ],
      "uiInfo" : {
        "description" : "",
        "label" : "Error Records - Discard",
        "xPos" : 280,
        "yPos" : 50,
        "stageType" : "TARGET"
      },
      "inputLanes" : [ ],
      "outputLanes" : [ ],
      "eventLanes" : [ ],
      "services" : [ ]
    },
    "info" : {
      "pipelineId" : "containera183e3f8-8261-4b30-9d71-fc6996bde306",
      "title" : "container source metricbeat overlay Processing",
      "description" : "",
      "created" : 1594462227862,
      "lastModified" : 1594462227887,
      "creator" : "admin",
      "lastModifier" : "admin",
      "lastRev" : "0",
      "uuid" : "52f3d452-1796-4572-bd26-eac3d4f17622",
      "valid" : true,
      "metadata" : {
        "labels" : [ ]
      },
      "name" : "containera183e3f8-8261-4b30-9d71-fc6996bde306",
      "sdcVersion" : "3.16.0",
      "sdcId" : "ccba5480-9adb-11ea-9e17-dd929248688d"
    },
    "metadata" : {
      "labels" : [ ]
    },
    "statsAggregatorStage" : {
      "instanceName" : "statsAggregatorStageInstance",
      "library" : "streamsets-datacollector-basic-lib",
      "stageName" : "com_streamsets_pipeline_stage_destination_devnull_StatsDpmDirectlyDTarget",
      "stageVersion" : "1",
      "configuration" : [ ],
      "uiInfo" : {
        "stageType" : "TARGET",
        "label" : "Stats Aggregator -Write to Control Hub directly"
      },
      "inputLanes" : [ ],
      "outputLanes" : [ ],
      "eventLanes" : [ ],
      "services" : [ ]
    },
    "startEventStages" : [ {
      "instanceName" : "Discard_StartEventStage",
      "library" : "streamsets-datacollector-basic-lib",
      "stageName" : "com_streamsets_pipeline_stage_destination_devnull_ToErrorNullDTarget",
      "stageVersion" : "1",
      "configuration" : [ ],
      "uiInfo" : {
        "description" : "",
        "label" : "Start Event - Discard",
        "xPos" : 280,
        "yPos" : 50,
        "stageType" : "TARGET"
      },
      "inputLanes" : [ ],
      "outputLanes" : [ ],
      "eventLanes" : [ ],
      "services" : [ ]
    } ],
    "stopEventStages" : [ {
      "instanceName" : "Discard_StopEventStage",
      "library" : "streamsets-datacollector-basic-lib",
      "stageName" : "com_streamsets_pipeline_stage_destination_devnull_ToErrorNullDTarget",
      "stageVersion" : "1",
      "configuration" : [ ],
      "uiInfo" : {
        "description" : "",
        "label" : "Stop Event - Discard",
        "xPos" : 280,
        "yPos" : 50,
        "stageType" : "TARGET"
      },
      "inputLanes" : [ ],
      "outputLanes" : [ ],
      "eventLanes" : [ ],
      "services" : [ ]
    } ],
    "testOriginStage" : {
      "instanceName" : "com_streamsets_pipeline_stage_devtest_rawdata_RawDataDSource_TestOriginStage",
      "library" : "streamsets-datacollector-dev-lib",
      "stageName" : "com_streamsets_pipeline_stage_devtest_rawdata_RawDataDSource",
      "stageVersion" : "3",
      "configuration" : [ {
        "name" : "rawData",
        "value" : "{\n  \"f1\": \"abc\",\n  \"f2\": \"xyz\",\n  \"f3\": \"lmn\"\n}"
      }, {
        "name" : "stopAfterFirstBatch",
        "value" : false
      }, {
        "name" : "eventData",
        "value" : null
      }, {
        "name" : "stageOnRecordError",
        "value" : "TO_ERROR"
      } ],
      "uiInfo" : {
        "stageType" : "SOURCE",
        "label" : "Test Origin - Dev Raw Data Source"
      },
      "inputLanes" : [ ],
      "outputLanes" : [ "com_streamsets_pipeline_stage_devtest_rawdata_RawDataDSource_TestOriginStageOutputLane1" ],
      "eventLanes" : [ ],
      "services" : [ {
        "service" : "com.streamsets.pipeline.api.service.dataformats.DataFormatParserService",
        "serviceVersion" : 2,
        "configuration" : [ {
          "name" : "displayFormats",
          "value" : "DELIMITED,JSON,LOG,SDC_JSON,TEXT,XML"
        }, {
          "name" : "dataFormat",
          "value" : "JSON"
        }, {
          "name" : "dataFormatConfig.compression",
          "value" : "NONE"
        }, {
          "name" : "dataFormatConfig.filePatternInArchive",
          "value" : "*"
        }, {
          "name" : "dataFormatConfig.charset",
          "value" : "UTF-8"
        }, {
          "name" : "dataFormatConfig.removeCtrlChars",
          "value" : false
        }, {
          "name" : "dataFormatConfig.textMaxLineLen",
          "value" : 1024
        }, {
          "name" : "dataFormatConfig.useCustomDelimiter",
          "value" : false
        }, {
          "name" : "dataFormatConfig.customDelimiter",
          "value" : "\\r\\n"
        }, {
          "name" : "dataFormatConfig.includeCustomDelimiterInTheText",
          "value" : false
        }, {
          "name" : "dataFormatConfig.jsonContent",
          "value" : "MULTIPLE_OBJECTS"
        }, {
          "name" : "dataFormatConfig.jsonMaxObjectLen",
          "value" : 4096
        }, {
          "name" : "dataFormatConfig.csvFileFormat",
          "value" : "CSV"
        }, {
          "name" : "dataFormatConfig.csvHeader",
          "value" : "NO_HEADER"
        }, {
          "name" : "dataFormatConfig.csvAllowExtraColumns",
          "value" : false
        }, {
          "name" : "dataFormatConfig.csvExtraColumnPrefix",
          "value" : "_extra_"
        }, {
          "name" : "dataFormatConfig.csvMaxObjectLen",
          "value" : 1024
        }, {
          "name" : "dataFormatConfig.csvCustomDelimiter",
          "value" : "|"
        }, {
          "name" : "dataFormatConfig.multiCharacterFieldDelimiter",
          "value" : "||"
        }, {
          "name" : "dataFormatConfig.multiCharacterLineDelimiter",
          "value" : "${str:unescapeJava('\\\\n')}"
        }, {
          "name" : "dataFormatConfig.csvCustomEscape",
          "value" : "\\"
        }, {
          "name" : "dataFormatConfig.csvCustomQuote",
          "value" : "\""
        }, {
          "name" : "dataFormatConfig.csvEnableComments",
          "value" : false
        }, {
          "name" : "dataFormatConfig.csvCommentMarker",
          "value" : "#"
        }, {
          "name" : "dataFormatConfig.csvIgnoreEmptyLines",
          "value" : false
        }, {
          "name" : "dataFormatConfig.csvRecordType",
          "value" : "LIST_MAP"
        }, {
          "name" : "dataFormatConfig.csvSkipStartLines",
          "value" : 0
        }, {
          "name" : "dataFormatConfig.parseNull",
          "value" : false
        }, {
          "name" : "dataFormatConfig.nullConstant",
          "value" : "\\\\N"
        }, {
          "name" : "dataFormatConfig.xmlRecordElement",
          "value" : null
        }, {
          "name" : "dataFormatConfig.includeFieldXpathAttributes",
          "value" : false
        }, {
          "name" : "dataFormatConfig.xPathNamespaceContext",
          "value" : [ ]
        }, {
          "name" : "dataFormatConfig.outputFieldAttributes",
          "value" : false
        }, {
          "name" : "dataFormatConfig.xmlMaxObjectLen",
          "value" : 4096
        }, {
          "name" : "dataFormatConfig.logMode",
          "value" : "COMMON_LOG_FORMAT"
        }, {
          "name" : "dataFormatConfig.logMaxObjectLen",
          "value" : 1024
        }, {
          "name" : "dataFormatConfig.retainOriginalLine",
          "value" : false
        }, {
          "name" : "dataFormatConfig.customLogFormat",
          "value" : "%h %l %u %t \"%r\" %>s %b"
        }, {
          "name" : "dataFormatConfig.regex",
          "value" : "^(\\S+) (\\S+) (\\S+) \\[([\\w:/]+\\s[+\\-]\\d{4})\\] \"(\\S+) (\\S+) (\\S+)\" (\\d{3}) (\\d+)"
        }, {
          "name" : "dataFormatConfig.fieldPathsToGroupName",
          "value" : [ {
            "fieldPath" : "/",
            "group" : 1
          } ]
        }, {
          "name" : "dataFormatConfig.grokPatternDefinition",
          "value" : null
        }, {
          "name" : "dataFormatConfig.grokPattern",
          "value" : "%{COMMONAPACHELOG}"
        }, {
          "name" : "dataFormatConfig.onParseError",
          "value" : "ERROR"
        }, {
          "name" : "dataFormatConfig.maxStackTraceLines",
          "value" : 50
        }, {
          "name" : "dataFormatConfig.enableLog4jCustomLogFormat",
          "value" : false
        }, {
          "name" : "dataFormatConfig.log4jCustomLogFormat",
          "value" : "%r [%t] %-5p %c %x - %m%n"
        }, {
          "name" : "dataFormatConfig.avroSchemaSource",
          "value" : null
        }, {
          "name" : "dataFormatConfig.avroSchema",
          "value" : null
        }, {
          "name" : "dataFormatConfig.schemaRegistryUrls",
          "value" : [ ]
        }, {
          "name" : "dataFormatConfig.schemaLookupMode",
          "value" : "SUBJECT"
        }, {
          "name" : "dataFormatConfig.subject",
          "value" : null
        }, {
          "name" : "dataFormatConfig.schemaId",
          "value" : null
        }, {
          "name" : "dataFormatConfig.protoDescriptorFile",
          "value" : null
        }, {
          "name" : "dataFormatConfig.messageType",
          "value" : null
        }, {
          "name" : "dataFormatConfig.isDelimited",
          "value" : false
        }, {
          "name" : "dataFormatConfig.binaryMaxObjectLen",
          "value" : 1024
        }, {
          "name" : "dataFormatConfig.datagramMode",
          "value" : "SYSLOG"
        }, {
          "name" : "dataFormatConfig.typesDbPath",
          "value" : null
        }, {
          "name" : "dataFormatConfig.convertTime",
          "value" : false
        }, {
          "name" : "dataFormatConfig.excludeInterval",
          "value" : false
        }, {
          "name" : "dataFormatConfig.authFilePath",
          "value" : null
        }, {
          "name" : "dataFormatConfig.netflowOutputValuesMode",
          "value" : "RAW_AND_INTERPRETED"
        }, {
          "name" : "dataFormatConfig.maxTemplateCacheSize",
          "value" : -1
        }, {
          "name" : "dataFormatConfig.templateCacheTimeoutMs",
          "value" : -1
        }, {
          "name" : "dataFormatConfig.netflowOutputValuesModeDatagram",
          "value" : "RAW_AND_INTERPRETED"
        }, {
          "name" : "dataFormatConfig.maxTemplateCacheSizeDatagram",
          "value" : -1
        }, {
          "name" : "dataFormatConfig.templateCacheTimeoutMsDatagram",
          "value" : -1
        }, {
          "name" : "dataFormatConfig.wholeFileMaxObjectLen",
          "value" : 8192
        }, {
          "name" : "dataFormatConfig.rateLimit",
          "value" : "-1"
        }, {
          "name" : "dataFormatConfig.verifyChecksum",
          "value" : false
        }, {
          "name" : "dataFormatConfig.excelHeader",
          "value" : null
        }, {
          "name" : "dataFormatConfig.excelSkipCellsWithNoHeader",
          "value" : false
        }, {
          "name" : "dataFormatConfig.excelReadAllSheets",
          "value" : false
        }, {
          "name" : "dataFormatConfig.excelSheetNames",
          "value" : [ ]
        }, {
          "name" : "dataFormatConfig.preserveRootElement",
          "value" : false
        } ]
      } ]
    },
    "valid" : true,
    "issues" : {
      "pipelineIssues" : [ ],
      "stageIssues" : { },
      "issueCount" : 0
    },
    "previewable" : false
  },
  "pipelineRules" : {
    "schemaVersion" : 3,
    "version" : 2,
    "metricsRuleDefinitions" : [ {
      "id" : "badRecordsAlertID",
      "alertText" : "High incidence of Error Records",
      "metricId" : "pipeline.batchErrorRecords.counter",
      "metricType" : "COUNTER",
      "metricElement" : "COUNTER_COUNT",
      "condition" : "${value() > 100}",
      "sendEmail" : false,
      "enabled" : false,
      "timestamp" : 1538460061721,
      "valid" : true
    }, {
      "id" : "stageErrorAlertID",
      "alertText" : "High incidence of Stage Errors",
      "metricId" : "pipeline.batchErrorMessages.counter",
      "metricType" : "COUNTER",
      "metricElement" : "COUNTER_COUNT",
      "condition" : "${value() > 100}",
      "sendEmail" : false,
      "enabled" : false,
      "timestamp" : 1538460061721,
      "valid" : true
    }, {
      "id" : "idleGaugeID",
      "alertText" : "Pipeline is Idle",
      "metricId" : "RuntimeStatsGauge.gauge",
      "metricType" : "GAUGE",
      "metricElement" : "TIME_OF_LAST_RECEIVED_RECORD",
      "condition" : "${time:now() - value() > 120000}",
      "sendEmail" : false,
      "enabled" : false,
      "timestamp" : 1538460061721,
      "valid" : true
    }, {
      "id" : "batchTimeAlertID",
      "alertText" : "Batch taking more time to process",
      "metricId" : "RuntimeStatsGauge.gauge",
      "metricType" : "GAUGE",
      "metricElement" : "CURRENT_BATCH_AGE",
      "condition" : "${value() > 200}",
      "sendEmail" : false,
      "enabled" : false,
      "timestamp" : 1538460061721,
      "valid" : true
    }, {
      "id" : "memoryLimitAlertID",
      "alertText" : "Memory limit for pipeline exceeded",
      "metricId" : "pipeline.memoryConsumed.counter",
      "metricType" : "COUNTER",
      "metricElement" : "COUNTER_COUNT",
      "condition" : "${value() > (jvm:maxMemoryMB() * 0.65)}",
      "sendEmail" : false,
      "enabled" : false,
      "timestamp" : 1538460061721,
      "valid" : true
    } ],
    "dataRuleDefinitions" : [ ],
    "driftRuleDefinitions" : [ ],
    "uuid" : "78d988a4-ebf2-4359-9249-7dc0a578c308",
    "configuration" : [ {
      "name" : "emailIDs",
      "value" : [ ]
    }, {
      "name" : "webhookConfigs",
      "value" : [ ]
    } ],
    "ruleIssues" : null,
    "configIssues" : null
  },
  "libraryDefinitions" : null
}